,CL,NG,SI,PL,SB,HG,RR,LH,PA,HO,CUA,GC,CT,FC,KC,RS,C,S,W,O,UX
1-2,0.011390993797881672,,,,,,,,,,,,,,,,,,,,
1-3,0.012661395650786639,,,,,,,,,,,,,,,,,,,,
1-4,0.011886904118471271,,,,,,,,,,,,,,,,,,,,
1-5,0.009243299700079925,,,,,,,,,,,,,,,,,,,,
1-6,0.00935797590985081,,,,,,,,,,,,,,,,,,,,
1-7,0.011264386603811082,,,,,,,,,,,,,,,,,,,,
1-8,0.013334371612360089,,,,,,,,,,,,,,,,,,,,
1-9,0.013133301833529743,,,,,,,,,,,,,,,,,,,,
1-10,0.015267396691682932,,,,,,,,,,,,,,,,,,,,
1-11,0.016606852691780753,,,,,,,,,,,,,,,,,,,,
1-12,0.016470024722658905,,,,,,,,,,,,,,,,,,,,
1-13,0.013373476757816818,,,,,,,,,,,,,,,,,,,,
1-14,0.010084928090780845,,,,,,,,,,,,,,,,,,,,
1-15,0.006001131466517461,,,,,,,,,,,,,,,,,,,,
1-16,0.0071736696309925175,,,,,,,,,,,,,,,,,,,,
1-17,0.011060099367588921,,,,,,,,,,,,,,,,,,,,
1-18,0.01041223210330726,,,,,,,,,,,,,,,,,,,,
1-19,0.005758664852809509,,,,,,,,,,,,,,,,,,,,
1-20,0.004832365278028058,,,,,,,,,,,,,,,,,,,,
1-21,0.011269511729571675,,,,,,,,,,,,,,,,,,,,
1-22,0.015700797832503662,,,,,,,,,,,,,,,,,,,,
1-23,0.016348171795440708,,,,,,,,,,,,,,,,,,,,
1-24,0.017177691360226646,,,,,,,,,,,,,,,,,,,,
1-25,0.015767184226617565,,,,,,,,,,,,,,,,,,,,
1-26,0.01638258728909616,,,,,,,,,,,,,,,,,,,,
1-27,0.0162153550183028,,,,,,,,,,,,,,,,,,,,
1-28,0.017871719734701284,,,,,,,,,,,,,,,,,,,,
1-29,0.0172080822959326,,,,,,,,,,,,,,,,,,,,
1-30,0.019119853603659507,,,,,,,,,,,,,,,,,,,,
1-31,0.020837672141624103,,,,,,,,,,,,,,,,,,,,
1-32,0.02114222858392434,,,,,,,,,,,,,,,,,,,,
1-33,0.02009285036924153,,,,,,,,,,,,,,,,,,,,
1-34,0.019675343738490825,,,,,,,,,,,,,,,,,,,,
2-3,0.012274982138484323,,,,,,,,,,,,,,,,,,,,
2-4,0.010590796986008287,,,,,,,,,,,,,,,,,,,,
2-5,0.009294274059952406,,,,,,,,,,,,,,,,,,,,
2-6,0.010322093502542484,,,,,,,,,,,,,,,,,,,,
2-7,0.012309823076480392,,,,,,,,,,,,,,,,,,,,
2-8,0.013232902345298414,,,,,,,,,,,,,,,,,,,,
2-9,0.0142109604955578,,,,,,,,,,,,,,,,,,,,
2-10,0.01593335991405547,,,,,,,,,,,,,,,,,,,,
2-11,0.016537779081097832,,,,,,,,,,,,,,,,,,,,
2-12,0.014965603489142927,,,,,,,,,,,,,,,,,,,,
2-13,0.011769375654873269,,,,,,,,,,,,,,,,,,,,
2-14,0.008086079119078797,,,,,,,,,,,,,,,,,,,,
2-15,0.006589380067100148,,,,,,,,,,,,,,,,,,,,
2-16,0.009119949415113224,,,,,,,,,,,,,,,,,,,,
2-17,0.01073224700135159,,,,,,,,,,,,,,,,,,,,
2-18,0.008118066057328576,,,,,,,,,,,,,,,,,,,,
2-19,0.005278904314868124,,,,,,,,,,,,,,,,,,,,
2-20,0.008026375374989559,,,,,,,,,,,,,,,,,,,,
2-21,0.013514218033072484,,,,,,,,,,,,,,,,,,,,
2-22,0.016023078804345493,,,,,,,,,,,,,,,,,,,,
2-23,0.016762175812349074,,,,,,,,,,,,,,,,,,,,
2-24,0.016478852877676472,,,,,,,,,,,,,,,,,,,,
2-25,0.016072569217429406,,,,,,,,,,,,,,,,,,,,
2-26,0.01629777608358084,,,,,,,,,,,,,,,,,,,,
2-27,0.0170509479740081,,,,,,,,,,,,,,,,,,,,
2-28,0.01753964521233865,,,,,,,,,,,,,,,,,,,,
2-29,0.018171650361667006,,,,,,,,,,,,,,,,,,,,
2-30,0.019986116342989434,,,,,,,,,,,,,,,,,,,,
2-31,0.020988962982718632,,,,,,,,,,,,,,,,,,,,
2-32,0.020621989354015973,,,,,,,,,,,,,,,,,,,,
2-33,0.01988400741387975,,,,,,,,,,,,,,,,,,,,
2-34,0.01969647680879944,,,,,,,,,,,,,,,,,,,,
3-4,0.010180321511342494,,,,,,,,,,,,,,,,,,,,
3-5,0.009959128885938981,,,,,,,,,,,,,,,,,,,,
3-6,0.0113523412374651,,,,,,,,,,,,,,,,,,,,
3-7,0.012584047673846268,,,,,,,,,,,,,,,,,,,,
3-8,0.013918283733759862,,,,,,,,,,,,,,,,,,,,
3-9,0.015015740284711062,,,,,,,,,,,,,,,,,,,,
3-10,0.016110097652534426,,,,,,,,,,,,,,,,,,,,
3-11,0.015524033496167542,,,,,,,,,,,,,,,,,,,,
3-12,0.013433930001816792,,,,,,,,,,,,,,,,,,,,
3-13,0.009958157781863045,,,,,,,,,,,,,,,,,,,,
3-14,0.0077732520960551894,,,,,,,,,,,,,,,,,,,,
3-15,0.008094208011278579,,,,,,,,,,,,,,,,,,,,
3-16,0.009540286587454191,,,,,,,,,,,,,,,,,,,,
3-17,0.009115568079196841,,,,,,,,,,,,,,,,,,,,
3-18,0.007033119219887922,,,,,,,,,,,,,,,,,,,,
3-19,0.007207368855384332,,,,,,,,,,,,,,,,,,,,
3-20,0.010669553248959263,,,,,,,,,,,,,,,,,,,,
3-21,0.014469332137331845,,,,,,,,,,,,,,,,,,,,
3-22,0.016407425230374743,,,,,,,,,,,,,,,,,,,,
3-23,0.016433130475667038,,,,,,,,,,,,,,,,,,,,
3-24,0.016444138270425124,,,,,,,,,,,,,,,,,,,,
3-25,0.01611805449335217,,,,,,,,,,,,,,,,,,,,
3-26,0.01682740149022685,,,,,,,,,,,,,,,,,,,,
3-27,0.017100980130519517,,,,,,,,,,,,,,,,,,,,
3-28,0.01806890150932698,,,,,,,,,,,,,,,,,,,,
3-29,0.019077356525396112,,,,,,,,,,,,,,,,,,,,
3-30,0.020372719552043346,,,,,,,,,,,,,,,,,,,,
3-31,0.02069315277755597,,,,,,,,,,,,,,,,,,,,
3-32,0.020309685440809702,,,,,,,,,,,,,,,,,,,,
3-33,0.01982839180107868,,,,,,,,,,,,,,,,,,,,
3-34,0.01941822084157229,,,,,,,,,,,,,,,,,,,,
4-5,0.010830374466923795,,,,,,,,,,,,,,,,,,,,
4-6,0.011803564054814161,,,,,,,,,,,,,,,,,,,,
4-7,0.01326919989216296,,,,,,,,,,,,,,,,,,,,
4-8,0.014597652134785692,,,,,,,,,,,,,,,,,,,,
4-9,0.01537951151378317,,,,,,,,,,,,,,,,,,,,
4-10,0.0154521214611649,,,,,,,,,,,,,,,,,,,,
4-11,0.014266229652805476,,,,,,,,,,,,,,,,,,,,
4-12,0.011749199383238134,,,,,,,,,,,,,,,,,,,,
4-13,0.009274885058641415,,,,,,,,,,,,,,,,,,,,
4-14,0.008571786950282177,,,,,,,,,,,,,,,,,,,,
4-15,0.008666076074148904,,,,,,,,,,,,,,,,,,,,
4-16,0.008595814021720976,,,,,,,,,,,,,,,,,,,,
4-17,0.008069437264428287,,,,,,,,,,,,,,,,,,,,
4-18,0.007956491779370566,,,,,,,,,,,,,,,,,,,,
4-19,0.009392430114580309,,,,,,,,,,,,,,,,,,,,
4-20,0.012129181055591885,,,,,,,,,,,,,,,,,,,,
4-21,0.015154931222111239,,,,,,,,,,,,,,,,,,,,
4-22,0.016247667537842094,,,,,,,,,,,,,,,,,,,,
4-23,0.0164180092113377,,,,,,,,,,,,,,,,,,,,
4-24,0.0163851772824492,,,,,,,,,,,,,,,,,,,,
4-25,0.016560990020177205,,,,,,,,,,,,,,,,,,,,
4-26,0.016920306236823675,,,,,,,,,,,,,,,,,,,,
4-27,0.017610558274041687,,,,,,,,,,,,,,,,,,,,
4-28,0.018775448659018135,,,,,,,,,,,,,,,,,,,,
4-29,0.019600021251215616,,,,,,,,,,,,,,,,,,,,
4-30,0.020301652644382155,,,,,,,,,,,,,,,,,,,,
4-31,0.02044217039736791,,,,,,,,,,,,,,,,,,,,
4-32,0.020162712939547835,,,,,,,,,,,,,,,,,,,,
4-33,0.019587598010784052,,,,,,,,,,,,,,,,,,,,
4-34,0.018948574559554447,,,,,,,,,,,,,,,,,,,,
5-6,0.012520180858919597,,,,,,,,,,,,,,,,,,,,
5-7,0.013950519442799715,,,,,,,,,,,,,,,,,,,,
5-8,0.014973415049399435,,,,,,,,,,,,,,,,,,,,
5-9,0.014988806046130917,,,,,,,,,,,,,,,,,,,,
5-10,0.014464640284799327,,,,,,,,,,,,,,,,,,,,
5-11,0.012800848750879034,,,,,,,,,,,,,,,,,,,,
5-12,0.010883947851359266,,,,,,,,,,,,,,,,,,,,
5-13,0.009587286709551087,,,,,,,,,,,,,,,,,,,,
5-14,0.008920859632286827,,,,,,,,,,,,,,,,,,,,
5-15,0.0080647194399192,,,,,,,,,,,,,,,,,,,,
5-16,0.007849065250343828,,,,,,,,,,,,,,,,,,,,
5-17,0.008556528453956285,,,,,,,,,,,,,,,,,,,,
5-18,0.009494534913586573,,,,,,,,,,,,,,,,,,,,
5-19,0.0108239448055425,,,,,,,,,,,,,,,,,,,,
5-20,0.01316710309061584,,,,,,,,,,,,,,,,,,,,
5-21,0.01527482202961276,,,,,,,,,,,,,,,,,,,,
5-22,0.016271999875369286,,,,,,,,,,,,,,,,,,,,
5-23,0.016375618358623657,,,,,,,,,,,,,,,,,,,,
5-24,0.01668393900619466,,,,,,,,,,,,,,,,,,,,
5-25,0.01668827205824876,,,,,,,,,,,,,,,,,,,,
5-26,0.0173650105214442,,,,,,,,,,,,,,,,,,,,
5-27,0.01827270094047049,,,,,,,,,,,,,,,,,,,,
5-28,0.019255837077581734,,,,,,,,,,,,,,,,,,,,
5-29,0.01969569413977344,,,,,,,,,,,,,,,,,,,,
5-30,0.02017707773737157,,,,,,,,,,,,,,,,,,,,
5-31,0.020298720227243553,,,,,,,,,,,,,,,,,,,,
5-32,0.019905560966936953,,,,,,,,,,,,,,,,,,,,
5-33,0.019180427210323696,,,,,,,,,,,,,,,,,,,,
5-34,0.018654856900375515,,,,,,,,,,,,,,,,,,,,
6-7,0.014375570705210328,,,,,,,,,,,,,,,,,,,,
6-8,0.014710537227058852,,,,,,,,,,,,,,,,,,,,
6-9,0.014233477083735648,,,,,,,,,,,,,,,,,,,,
6-10,0.013227024299786193,,,,,,,,,,,,,,,,,,,,
6-11,0.011934196839891047,,,,,,,,,,,,,,,,,,,,
6-12,0.010869158128724974,,,,,,,,,,,,,,,,,,,,
6-13,0.009697182257423463,,,,,,,,,,,,,,,,,,,,
6-14,0.008378415614304927,,,,,,,,,,,,,,,,,,,,
6-15,0.007517469334634109,,,,,,,,,,,,,,,,,,,,
6-16,0.008272155379446354,,,,,,,,,,,,,,,,,,,,
6-17,0.009693702317036689,,,,,,,,,,,,,,,,,,,,
6-18,0.010643642176930777,,,,,,,,,,,,,,,,,,,,
6-19,0.011915829979172848,,,,,,,,,,,,,,,,,,,,
6-20,0.013600778081231828,,,,,,,,,,,,,,,,,,,,
6-21,0.015456942096534594,,,,,,,,,,,,,,,,,,,,
6-22,0.016260379810282492,,,,,,,,,,,,,,,,,,,,
6-23,0.016625556412150164,,,,,,,,,,,,,,,,,,,,
6-24,0.016768847134598967,,,,,,,,,,,,,,,,,,,,
6-25,0.017098611273234254,,,,,,,,,,,,,,,,,,,,
6-26,0.01796016288824195,,,,,,,,,,,,,,,,,,,,
6-27,0.01876050389836396,,,,,,,,,,,,,,,,,,,,
6-28,0.019392292662282293,,,,,,,,,,,,,,,,,,,,
6-29,0.01969053333425891,,,,,,,,,,,,,,,,,,,,
6-30,0.020100629117900507,,,,,,,,,,,,,,,,,,,,
6-31,0.020062995819734215,,,,,,,,,,,,,,,,,,,,
6-32,0.019517282469992646,,,,,,,,,,,,,,,,,,,,
6-33,0.01889896359224048,,,,,,,,,,,,,,,,,,,,
6-34,0.018549469805576205,,,,,,,,,,,,,,,,,,,,
7-8,0.014097683783553198,,,,,,,,,,,,,,,,,,,,
7-9,0.01320201424529385,,,,,,,,,,,,,,,,,,,,
7-10,0.012436966704145383,,,,,,,,,,,,,,,,,,,,
7-11,0.011774336028890614,,,,,,,,,,,,,,,,,,,,
7-12,0.010777777893550557,,,,,,,,,,,,,,,,,,,,
7-13,0.009133003821115298,,,,,,,,,,,,,,,,,,,,
7-14,0.007866525799766919,,,,,,,,,,,,,,,,,,,,
7-15,0.007913006490213521,,,,,,,,,,,,,,,,,,,,
7-16,0.009270097437266709,,,,,,,,,,,,,,,,,,,,
7-17,0.010624860591662863,,,,,,,,,,,,,,,,,,,,
7-18,0.011591485438552566,,,,,,,,,,,,,,,,,,,,
7-19,0.012467930805151796,,,,,,,,,,,,,,,,,,,,
7-20,0.013998960912251807,,,,,,,,,,,,,,,,,,,,
7-21,0.015562338010837524,,,,,,,,,,,,,,,,,,,,
7-22,0.01649079576972775,,,,,,,,,,,,,,,,,,,,
7-23,0.0167061623488099,,,,,,,,,,,,,,,,,,,,
7-24,0.017107916422279056,,,,,,,,,,,,,,,,,,,,
7-25,0.017649130454643547,,,,,,,,,,,,,,,,,,,,
7-26,0.01842505489575711,,,,,,,,,,,,,,,,,,,,
7-27,0.018948215205286688,,,,,,,,,,,,,,,,,,,,
7-28,0.019430219184262947,,,,,,,,,,,,,,,,,,,,
7-29,0.019693034804643468,,,,,,,,,,,,,,,,,,,,
7-30,0.019925891706401428,,,,,,,,,,,,,,,,,,,,
7-31,0.019709997723374357,,,,,,,,,,,,,,,,,,,,
7-32,0.019230972067563964,,,,,,,,,,,,,,,,,,,,
7-33,0.018774423630119257,,,,,,,,,,,,,,,,,,,,
7-34,0.01875265931490798,,,,,,,,,,,,,,,,,,,,
8-9,0.012514527863337989,,,,,,,,,,,,,,,,,,,,
8-10,0.012235744360927473,,,,,,,,,,,,,,,,,,,,
8-11,0.011583983196604322,,,,,,,,,,,,,,,,,,,,
8-12,0.01016953328645243,,,,,,,,,,,,,,,,,,,,
8-13,0.008601802394616323,,,,,,,,,,,,,,,,,,,,
8-14,0.008152162424965028,,,,,,,,,,,,,,,,,,,,
8-15,0.008819039125777325,,,,,,,,,,,,,,,,,,,,
8-16,0.010126824918740354,,,,,,,,,,,,,,,,,,,,
8-17,0.01144090674417117,,,,,,,,,,,,,,,,,,,,
8-18,0.012107453441517394,,,,,,,,,,,,,,,,,,,,
8-19,0.012959824876955637,,,,,,,,,,,,,,,,,,,,
8-20,0.01427368563584717,,,,,,,,,,,,,,,,,,,,
8-21,0.015853187727439058,,,,,,,,,,,,,,,,,,,,
8-22,0.016577709642308376,,,,,,,,,,,,,,,,,,,,
8-23,0.017010367611748074,,,,,,,,,,,,,,,,,,,,
8-24,0.017587818430451745,,,,,,,,,,,,,,,,,,,,
8-25,0.01809681125513222,,,,,,,,,,,,,,,,,,,,
8-26,0.018631355675933426,,,,,,,,,,,,,,,,,,,,
8-27,0.019036100013845994,,,,,,,,,,,,,,,,,,,,
8-28,0.019464207851973118,,,,,,,,,,,,,,,,,,,,
8-29,0.019589141988403284,,,,,,,,,,,,,,,,,,,,
8-30,0.019633404282827567,,,,,,,,,,,,,,,,,,,,
8-31,0.019437347177823885,,,,,,,,,,,,,,,,,,,,
8-32,0.019081935767612173,,,,,,,,,,,,,,,,,,,,
8-33,0.018922799939191527,,,,,,,,,,,,,,,,,,,,
8-34,0.019046362874150118,,,,,,,,,,,,,,,,,,,,
9-10,0.012016703846592201,,,,,,,,,,,,,,,,,,,,
9-11,0.010970618368361999,,,,,,,,,,,,,,,,,,,,
9-12,0.009600829798430695,,,,,,,,,,,,,,,,,,,,
9-13,0.008759681802284354,,,,,,,,,,,,,,,,,,,,
9-14,0.008909245396981591,,,,,,,,,,,,,,,,,,,,
9-15,0.009622543290644024,,,,,,,,,,,,,,,,,,,,
9-16,0.010900785282718508,,,,,,,,,,,,,,,,,,,,
9-17,0.011907050758134578,,,,,,,,,,,,,,,,,,,,
9-18,0.012579487204335877,,,,,,,,,,,,,,,,,,,,
9-19,0.013319722120139373,,,,,,,,,,,,,,,,,,,,
9-20,0.014680030477533456,,,,,,,,,,,,,,,,,,,,
9-21,0.016001339042370846,,,,,,,,,,,,,,,,,,,,
9-22,0.016862317858167546,,,,,,,,,,,,,,,,,,,,
9-23,0.017447996546901906,,,,,,,,,,,,,,,,,,,,
9-24,0.017992478351032477,,,,,,,,,,,,,,,,,,,,
9-25,0.01831696533175898,,,,,,,,,,,,,,,,,,,,
9-26,0.01874424396732919,,,,,,,,,,,,,,,,,,,,
9-27,0.01910945502817472,,,,,,,,,,,,,,,,,,,,
9-28,0.019396280154072642,,,,,,,,,,,,,,,,,,,,
9-29,0.019364140954643824,,,,,,,,,,,,,,,,,,,,
9-30,0.01939920700006053,,,,,,,,,,,,,,,,,,,,
9-31,0.019282992618178764,,,,,,,,,,,,,,,,,,,,
9-32,0.01917874515727468,,,,,,,,,,,,,,,,,,,,
9-33,0.01916327840787504,,,,,,,,,,,,,,,,,,,,
9-34,0.01926276865758924,,,,,,,,,,,,,,,,,,,,
10-11,0.010394461307871417,,,,,,,,,,,,,,,,,,,,
10-12,0.009635669421962232,,,,,,,,,,,,,,,,,,,,
10-13,0.009356065009015492,,,,,,,,,,,,,,,,,,,,
10-14,0.009607036522988421,,,,,,,,,,,,,,,,,,,,
10-15,0.010364356910654838,,,,,,,,,,,,,,,,,,,,
10-16,0.011368961713039569,,,,,,,,,,,,,,,,,,,,
10-17,0.012345143835468286,,,,,,,,,,,,,,,,,,,,
10-18,0.012937391247368995,,,,,,,,,,,,,,,,,,,,
10-19,0.013783952269455405,,,,,,,,,,,,,,,,,,,,
10-20,0.014931771307192435,,,,,,,,,,,,,,,,,,,,
10-21,0.016317252815183095,,,,,,,,,,,,,,,,,,,,
10-22,0.0172714220257254,,,,,,,,,,,,,,,,,,,,
10-23,0.017826548917565736,,,,,,,,,,,,,,,,,,,,
10-24,0.018200826693938965,,,,,,,,,,,,,,,,,,,,
10-25,0.01844975661399331,,,,,,,,,,,,,,,,,,,,
10-26,0.018839053723002444,,,,,,,,,,,,,,,,,,,,
10-27,0.01908254731409456,,,,,,,,,,,,,,,,,,,,
10-28,0.019211813627512505,,,,,,,,,,,,,,,,,,,,
10-29,0.019178483284281102,,,,,,,,,,,,,,,,,,,,
10-30,0.019263871913474697,,,,,,,,,,,,,,,,,,,,
10-31,0.019349510784071093,,,,,,,,,,,,,,,,,,,,
10-32,0.01936790466810284,,,,,,,,,,,,,,,,,,,,
10-33,0.019345199454115426,,,,,,,,,,,,,,,,,,,,
10-34,0.019477865292992096,,,,,,,,,,,,,,,,,,,,
11-12,0.010077269755580614,,,,,,,,,,,,,,,,,,,,
11-13,0.009930086095329865,,,,,,,,,,,,,,,,,,,,
11-14,0.010270313299405961,,,,,,,,,,,,,,,,,,,,
11-15,0.010834217675608614,,,,,,,,,,,,,,,,,,,,
11-16,0.011812232634127486,,,,,,,,,,,,,,,,,,,,
11-17,0.01268666246021301,,,,,,,,,,,,,,,,,,,,
11-18,0.013391884325003463,,,,,,,,,,,,,,,,,,,,
11-19,0.014095085877011367,,,,,,,,,,,,,,,,,,,,
11-20,0.0153204975275255,,,,,,,,,,,,,,,,,,,,
11-21,0.01674214698513631,,,,,,,,,,,,,,,,,,,,
11-22,0.01763209816396964,,,,,,,,,,,,,,,,,,,,
11-23,0.018030926487461137,,,,,,,,,,,,,,,,,,,,
11-24,0.01833178586049891,,,,,,,,,,,,,,,,,,,,
11-25,0.01856246472404911,,,,,,,,,,,,,,,,,,,,
11-26,0.018838334471784745,,,,,,,,,,,,,,,,,,,,
11-27,0.01894146258500804,,,,,,,,,,,,,,,,,,,,
11-28,0.019055908756169786,,,,,,,,,,,,,,,,,,,,
11-29,0.019074370013891173,,,,,,,,,,,,,,,,,,,,
11-30,0.01932556978463097,,,,,,,,,,,,,,,,,,,,
11-31,0.019504836735139836,,,,,,,,,,,,,,,,,,,,
11-32,0.01951349995678485,,,,,,,,,,,,,,,,,,,,
11-33,0.01953226988001016,,,,,,,,,,,,,,,,,,,,
11-34,0.01993925239127707,,,,,,,,,,,,,,,,,,,,
12-13,0.01049480710281451,,,,,,,,,,,,,,,,,,,,
12-14,0.010700306367800725,,,,,,,,,,,,,,,,,,,,
12-15,0.011281776024322638,,,,,,,,,,,,,,,,,,,,
12-16,0.012166305669040816,,,,,,,,,,,,,,,,,,,,
12-17,0.013120501105812941,,,,,,,,,,,,,,,,,,,,
12-18,0.013707623477107944,,,,,,,,,,,,,,,,,,,,
12-19,0.014524218093617482,,,,,,,,,,,,,,,,,,,,
12-20,0.01579938405398626,,,,,,,,,,,,,,,,,,,,
12-21,0.017119680403499562,,,,,,,,,,,,,,,,,,,,
12-22,0.017835580201265605,,,,,,,,,,,,,,,,,,,,
12-23,0.018164836030519643,,,,,,,,,,,,,,,,,,,,
12-24,0.018444633094269546,,,,,,,,,,,,,,,,,,,,
12-25,0.018584139857533547,,,,,,,,,,,,,,,,,,,,
12-26,0.018728007983067736,,,,,,,,,,,,,,,,,,,,
12-27,0.01881947688604818,,,,,,,,,,,,,,,,,,,,
12-28,0.018970007905364468,,,,,,,,,,,,,,,,,,,,
12-29,0.019146089273097328,,,,,,,,,,,,,,,,,,,,
12-30,0.019469310547982753,,,,,,,,,,,,,,,,,,,,
12-31,0.01962604269830248,,,,,,,,,,,,,,,,,,,,
12-32,0.019669876860905575,,,,,,,,,,,,,,,,,,,,
12-33,0.01994897097120334,,,,,,,,,,,,,,,,,,,,
12-34,0.020381246340955967,,,,,,,,,,,,,,,,,,,,
13-14,0.011116765714271056,,,,,,,,,,,,,,,,,,,,
13-15,0.011646438166994438,,,,,,,,,,,,,,,,,,,,
13-16,0.012605205602747993,,,,,,,,,,,,,,,,,,,,
13-17,0.01342979925045514,,,,,,,,,,,,,,,,,,,,
13-18,0.014132586683541132,,,,,,,,,,,,,,,,,,,,
13-19,0.015032213481242175,,,,,,,,,,,,,,,,,,,,
13-20,0.01622564359640774,,,,,,,,,,,,,,,,,,,,
13-21,0.017347806842312172,,,,,,,,,,,,,,,,,,,,
13-22,0.01797394894742675,,,,,,,,,,,,,,,,,,,,
13-23,0.018281558901007307,,,,,,,,,,,,,,,,,,,,
13-24,0.018473286033370815,,,,,,,,,,,,,,,,,,,,
13-25,0.0185005858179958,,,,,,,,,,,,,,,,,,,,
13-26,0.01863064335102753,,,,,,,,,,,,,,,,,,,,
13-27,0.0187572762262657,,,,,,,,,,,,,,,,,,,,
13-28,0.019043697210065078,,,,,,,,,,,,,,,,,,,,
13-29,0.019292191049581693,,,,,,,,,,,,,,,,,,,,
13-30,0.019583359048800302,,,,,,,,,,,,,,,,,,,,
13-31,0.01976091670671162,,,,,,,,,,,,,,,,,,,,
13-32,0.020041803652927365,,,,,,,,,,,,,,,,,,,,
13-33,0.02035481986296597,,,,,,,,,,,,,,,,,,,,
13-34,0.020681890599965686,,,,,,,,,,,,,,,,,,,,
14-15,0.012089824923113399,,,,,,,,,,,,,,,,,,,,
14-16,0.012927377987556369,,,,,,,,,,,,,,,,,,,,
14-17,0.013842182487725105,,,,,,,,,,,,,,,,,,,,
14-18,0.014632453766970444,,,,,,,,,,,,,,,,,,,,
14-19,0.015486872143271683,,,,,,,,,,,,,,,,,,,,
14-20,0.016503459693596775,,,,,,,,,,,,,,,,,,,,
14-21,0.017511319440690346,,,,,,,,,,,,,,,,,,,,
14-22,0.018095703631293026,,,,,,,,,,,,,,,,,,,,
14-23,0.018319336152956955,,,,,,,,,,,,,,,,,,,,
14-24,0.01840303254801086,,,,,,,,,,,,,,,,,,,,
14-25,0.01842526762775807,,,,,,,,,,,,,,,,,,,,
14-26,0.018585525707338544,,,,,,,,,,,,,,,,,,,,
14-27,0.01884033483735214,,,,,,,,,,,,,,,,,,,,
14-28,0.01918621608082263,,,,,,,,,,,,,,,,,,,,
14-29,0.01941031780008605,,,,,,,,,,,,,,,,,,,,
14-30,0.019711094580637065,,,,,,,,,,,,,,,,,,,,
14-31,0.02009811914475384,,,,,,,,,,,,,,,,,,,,
14-32,0.02041016076693707,,,,,,,,,,,,,,,,,,,,
14-33,0.02063485986366265,,,,,,,,,,,,,,,,,,,,
14-34,0.020875241616338802,,,,,,,,,,,,,,,,,,,,
15-16,0.013345274863840831,,,,,,,,,,,,,,,,,,,,
15-17,0.014327045525391296,,,,,,,,,,,,,,,,,,,,
15-18,0.015083917102428271,,,,,,,,,,,,,,,,,,,,
15-19,0.015797177727304674,,,,,,,,,,,,,,,,,,,,
15-20,0.01671326969980959,,,,,,,,,,,,,,,,,,,,
15-21,0.01765589309340291,,,,,,,,,,,,,,,,,,,,
15-22,0.018142878236078307,,,,,,,,,,,,,,,,,,,,
15-23,0.018263283807499017,,,,,,,,,,,,,,,,,,,,
15-24,0.01833868864927534,,,,,,,,,,,,,,,,,,,,
15-25,0.018396009978578466,,,,,,,,,,,,,,,,,,,,
15-26,0.01867398946070282,,,,,,,,,,,,,,,,,,,,
15-27,0.018986618335943353,,,,,,,,,,,,,,,,,,,,
15-28,0.019303074690233034,,,,,,,,,,,,,,,,,,,,
15-29,0.01954067376171389,,,,,,,,,,,,,,,,,,,,
15-30,0.020028302569981567,,,,,,,,,,,,,,,,,,,,
15-31,0.020436670226222,,,,,,,,,,,,,,,,,,,,
15-32,0.020666554935664896,,,,,,,,,,,,,,,,,,,,
15-33,0.020817657666954977,,,,,,,,,,,,,,,,,,,,
15-34,0.020994149512912102,,,,,,,,,,,,,,,,,,,,
16-17,,,,,,,,,,,,,,,,,,,,,
16-18,,,,,,,,,,,,,,,,,,,,,
16-19,,,,,,,,,,,,,,,,,,,,,
16-20,,,,,,,,,,,,,,,,,,,,,
16-21,,,,,,,,,,,,,,,,,,,,,
16-22,,,,,,,,,,,,,,,,,,,,,
16-23,,,,,,,,,,,,,,,,,,,,,
16-24,,,,,,,,,,,,,,,,,,,,,
16-25,,,,,,,,,,,,,,,,,,,,,
16-26,,,,,,,,,,,,,,,,,,,,,
16-27,,,,,,,,,,,,,,,,,,,,,
16-28,,,,,,,,,,,,,,,,,,,,,
16-29,,,,,,,,,,,,,,,,,,,,,
16-30,,,,,,,,,,,,,,,,,,,,,
16-31,,,,,,,,,,,,,,,,,,,,,
16-32,,,,,,,,,,,,,,,,,,,,,
16-33,,,,,,,,,,,,,,,,,,,,,
16-34,,,,,,,,,,,,,,,,,,,,,
17-18,,,,,,,,,,,,,,,,,,,,,
17-19,,,,,,,,,,,,,,,,,,,,,
17-20,,,,,,,,,,,,,,,,,,,,,
17-21,,,,,,,,,,,,,,,,,,,,,
17-22,,,,,,,,,,,,,,,,,,,,,
17-23,,,,,,,,,,,,,,,,,,,,,
17-24,,,,,,,,,,,,,,,,,,,,,
17-25,,,,,,,,,,,,,,,,,,,,,
17-26,,,,,,,,,,,,,,,,,,,,,
17-27,,,,,,,,,,,,,,,,,,,,,
17-28,,,,,,,,,,,,,,,,,,,,,
17-29,,,,,,,,,,,,,,,,,,,,,
17-30,,,,,,,,,,,,,,,,,,,,,
17-31,,,,,,,,,,,,,,,,,,,,,
17-32,,,,,,,,,,,,,,,,,,,,,
17-33,,,,,,,,,,,,,,,,,,,,,
17-34,,,,,,,,,,,,,,,,,,,,,
18-19,,,,,,,,,,,,,,,,,,,,,
18-20,,,,,,,,,,,,,,,,,,,,,
18-21,,,,,,,,,,,,,,,,,,,,,
18-22,,,,,,,,,,,,,,,,,,,,,
18-23,,,,,,,,,,,,,,,,,,,,,
18-24,,,,,,,,,,,,,,,,,,,,,
18-25,,,,,,,,,,,,,,,,,,,,,
18-26,,,,,,,,,,,,,,,,,,,,,
18-27,,,,,,,,,,,,,,,,,,,,,
18-28,,,,,,,,,,,,,,,,,,,,,
18-29,,,,,,,,,,,,,,,,,,,,,
18-30,,,,,,,,,,,,,,,,,,,,,
18-31,,,,,,,,,,,,,,,,,,,,,
18-32,,,,,,,,,,,,,,,,,,,,,
18-33,,,,,,,,,,,,,,,,,,,,,
18-34,,,,,,,,,,,,,,,,,,,,,
19-20,,,,,,,,,,,,,,,,,,,,,
19-21,,,,,,,,,,,,,,,,,,,,,
19-22,,,,,,,,,,,,,,,,,,,,,
19-23,,,,,,,,,,,,,,,,,,,,,
19-24,,,,,,,,,,,,,,,,,,,,,
19-25,,,,,,,,,,,,,,,,,,,,,
19-26,,,,,,,,,,,,,,,,,,,,,
19-27,,,,,,,,,,,,,,,,,,,,,
19-28,,,,,,,,,,,,,,,,,,,,,
19-29,,,,,,,,,,,,,,,,,,,,,
19-30,,,,,,,,,,,,,,,,,,,,,
19-31,,,,,,,,,,,,,,,,,,,,,
19-32,,,,,,,,,,,,,,,,,,,,,
19-33,,,,,,,,,,,,,,,,,,,,,
19-34,,,,,,,,,,,,,,,,,,,,,
20-21,,,,,,,,,,,,,,,,,,,,,
20-22,,,,,,,,,,,,,,,,,,,,,
20-23,,,,,,,,,,,,,,,,,,,,,
20-24,,,,,,,,,,,,,,,,,,,,,
20-25,,,,,,,,,,,,,,,,,,,,,
20-26,,,,,,,,,,,,,,,,,,,,,
20-27,,,,,,,,,,,,,,,,,,,,,
20-28,,,,,,,,,,,,,,,,,,,,,
20-29,,,,,,,,,,,,,,,,,,,,,
20-30,,,,,,,,,,,,,,,,,,,,,
20-31,,,,,,,,,,,,,,,,,,,,,
20-32,,,,,,,,,,,,,,,,,,,,,
20-33,,,,,,,,,,,,,,,,,,,,,
20-34,,,,,,,,,,,,,,,,,,,,,
21-22,,,,,,,,,,,,,,,,,,,,,
21-23,,,,,,,,,,,,,,,,,,,,,
21-24,,,,,,,,,,,,,,,,,,,,,
21-25,,,,,,,,,,,,,,,,,,,,,
21-26,,,,,,,,,,,,,,,,,,,,,
21-27,,,,,,,,,,,,,,,,,,,,,
21-28,,,,,,,,,,,,,,,,,,,,,
21-29,,,,,,,,,,,,,,,,,,,,,
21-30,,,,,,,,,,,,,,,,,,,,,
21-31,,,,,,,,,,,,,,,,,,,,,
21-32,,,,,,,,,,,,,,,,,,,,,
21-33,,,,,,,,,,,,,,,,,,,,,
21-34,,,,,,,,,,,,,,,,,,,,,
22-23,,,,,,,,,,,,,,,,,,,,,
22-24,,,,,,,,,,,,,,,,,,,,,
22-25,,,,,,,,,,,,,,,,,,,,,
22-26,,,,,,,,,,,,,,,,,,,,,
22-27,,,,,,,,,,,,,,,,,,,,,
22-28,,,,,,,,,,,,,,,,,,,,,
22-29,,,,,,,,,,,,,,,,,,,,,
22-30,,,,,,,,,,,,,,,,,,,,,
22-31,,,,,,,,,,,,,,,,,,,,,
22-32,,,,,,,,,,,,,,,,,,,,,
22-33,,,,,,,,,,,,,,,,,,,,,
22-34,,,,,,,,,,,,,,,,,,,,,
23-24,,,,,,,,,,,,,,,,,,,,,
23-25,,,,,,,,,,,,,,,,,,,,,
23-26,,,,,,,,,,,,,,,,,,,,,
23-27,,,,,,,,,,,,,,,,,,,,,
23-28,,,,,,,,,,,,,,,,,,,,,
23-29,,,,,,,,,,,,,,,,,,,,,
23-30,,,,,,,,,,,,,,,,,,,,,
23-31,,,,,,,,,,,,,,,,,,,,,
23-32,,,,,,,,,,,,,,,,,,,,,
23-33,,,,,,,,,,,,,,,,,,,,,
23-34,,,,,,,,,,,,,,,,,,,,,
24-25,,,,,,,,,,,,,,,,,,,,,
24-26,,,,,,,,,,,,,,,,,,,,,
24-27,,,,,,,,,,,,,,,,,,,,,
24-28,,,,,,,,,,,,,,,,,,,,,
24-29,,,,,,,,,,,,,,,,,,,,,
24-30,,,,,,,,,,,,,,,,,,,,,
24-31,,,,,,,,,,,,,,,,,,,,,
24-32,,,,,,,,,,,,,,,,,,,,,
24-33,,,,,,,,,,,,,,,,,,,,,
24-34,,,,,,,,,,,,,,,,,,,,,
25-26,,,,,,,,,,,,,,,,,,,,,
25-27,,,,,,,,,,,,,,,,,,,,,
25-28,,,,,,,,,,,,,,,,,,,,,
25-29,,,,,,,,,,,,,,,,,,,,,
25-30,,,,,,,,,,,,,,,,,,,,,
25-31,,,,,,,,,,,,,,,,,,,,,
25-32,,,,,,,,,,,,,,,,,,,,,
25-33,,,,,,,,,,,,,,,,,,,,,
25-34,,,,,,,,,,,,,,,,,,,,,
26-27,,,,,,,,,,,,,,,,,,,,,
26-28,,,,,,,,,,,,,,,,,,,,,
26-29,,,,,,,,,,,,,,,,,,,,,
26-30,,,,,,,,,,,,,,,,,,,,,
26-31,,,,,,,,,,,,,,,,,,,,,
26-32,,,,,,,,,,,,,,,,,,,,,
26-33,,,,,,,,,,,,,,,,,,,,,
26-34,,,,,,,,,,,,,,,,,,,,,
27-28,,,,,,,,,,,,,,,,,,,,,
27-29,,,,,,,,,,,,,,,,,,,,,
27-30,,,,,,,,,,,,,,,,,,,,,
27-31,,,,,,,,,,,,,,,,,,,,,
27-32,,,,,,,,,,,,,,,,,,,,,
27-33,,,,,,,,,,,,,,,,,,,,,
27-34,,,,,,,,,,,,,,,,,,,,,
28-29,,,,,,,,,,,,,,,,,,,,,
28-30,,,,,,,,,,,,,,,,,,,,,
28-31,,,,,,,,,,,,,,,,,,,,,
28-32,,,,,,,,,,,,,,,,,,,,,
28-33,,,,,,,,,,,,,,,,,,,,,
28-34,,,,,,,,,,,,,,,,,,,,,
29-30,,,,,,,,,,,,,,,,,,,,,
29-31,,,,,,,,,,,,,,,,,,,,,
29-32,,,,,,,,,,,,,,,,,,,,,
29-33,,,,,,,,,,,,,,,,,,,,,
29-34,,,,,,,,,,,,,,,,,,,,,
30-31,,,,,,,,,,,,,,,,,,,,,
30-32,,,,,,,,,,,,,,,,,,,,,
30-33,,,,,,,,,,,,,,,,,,,,,
30-34,,,,,,,,,,,,,,,,,,,,,
31-32,,,,,,,,,,,,,,,,,,,,,
31-33,,,,,,,,,,,,,,,,,,,,,
31-34,,,,,,,,,,,,,,,,,,,,,
32-33,,,,,,,,,,,,,,,,,,,,,
32-34,,,,,,,,,,,,,,,,,,,,,
33-34,,,,,,,,,,,,,,,,,,,,,
